<?xml version="1.0" encoding="UTF-8" ?>
<!DOCTYPE mapper
        PUBLIC "-//mybatis.org//DTD Mapper 3.0//EN"
        "http://mybatis.org/dtd/mybatis-3-mapper.dtd">
<mapper namespace="com.hao.mapper.UserAnswerMapper">
    <insert id="addUserAnswer">
        INSERT INTO user_answer (pass_count, total_count, user_name, problem_id)
        VALUES (#{pass_count}, #{total_count}, #{user_name}, #{problem_id})
    </insert>

    <update id="updateUserAnswerSuccess" >
        UPDATE user_answer
        SET pass_count = pass_count + 1,
            total_count = total_count + 1
        WHERE id = #{id}
    </update>

    <update id="updateUserAnswerFail" >
        UPDATE user_answer
        SET total_count = total_count + 1
        WHERE id = #{id}
    </update>

    <select id="checkUserAnswerExists" resultType="Integer">
        SELECT id FROM user_answer
        WHERE user_name = #{user_name} AND problem_id = #{problem_id}
    </select>

    <select id="selectMyAnswer" resultType="userAnswer">
            select * from online_oj.user_answer where user_name = #{user_name};

    </select>

</mapper>